Product Name,Over_All_Rating,Price,Date,Rating,Name,Comment
Buy Bewakoof Official Garfield Merchandise Women I Hate Mornings Print Oversized T Shirt  - Tshirts for Women 23013218 | Myntra,4.4,‚Çπ399,25 Nov 2024,4,Harshada,I'm in 6th grade so I ordered XS but it's a kinda big for me ..but perfect size for my mom..but gooooo for itt
Buy Bewakoof Official Garfield Merchandise Women I Hate Mornings Print Oversized T Shirt  - Tshirts for Women 23013218 | Myntra,4.4,‚Çπ399,19 Dec 2023,5,Nicola Manuel,Amazing quality.. material is really good. Thick and not see thru at all. Above i love their prints and colors. 5th order frm bewakoof
Buy Bewakoof Official Garfield Merchandise Women I Hate Mornings Print Oversized T Shirt  - Tshirts for Women 23013218 | Myntra,4.4,‚Çπ399,11 Nov 2024,5,Khatri Vinay Bharatbhai,Service is so good and everything is available and easily exchangeable. Had bought only two items yet but it's good!!
Buy Bewakoof Official Garfield Merchandise Women I Hate Mornings Print Oversized T Shirt  - Tshirts for Women 23013218 | Myntra,4.4,‚Çπ399,24 May 2024,5,Jainy,"This tshirt is good to wear. Also, it is so comfortable. Exactly as shown in the image.
"
Buy Bewakoof Official Garfield Merchandise Women I Hate Mornings Print Oversized T Shirt  - Tshirts for Women 23013218 | Myntra,4.4,‚Çπ399,10 July 2024,4,Vishal,I bought this for 530 and for that amount the tshirt is decent. But fabric can be better.
Buy Bewakoof Official Garfield Merchandise Women I Hate Mornings Print Oversized T Shirt  - Tshirts for Women 23013218 | Myntra,4.4,‚Çπ399,15 May 2024,5,Anshika Jain,"Loved it..
Material + color + fitting 
Everything is awesome. "
Buy Bewakoof Official Garfield Merchandise Women I Hate Mornings Print Oversized T Shirt  - Tshirts for Women 23013218 | Myntra,4.4,‚Çπ399,3 Sept 2024,5,Saloni Khindri,"Absolutely loved the fit, quality, colour and print ! Perfect casual tee "
Buy Bewakoof Official Garfield Merchandise Women I Hate Mornings Print Oversized T Shirt  - Tshirts for Women 23013218 | Myntra,4.4,‚Çπ399,19 Oct 2024,5,Pooja Kute,"
I recently purchased this oversized T-shirt, and it has quickly become a staple in my wardrobe. Here‚Äôs why:

	1.	Comfort: The fabric is incredibly soft and breathable. Even after multiple washes, it hasn‚Äôt lost its softness or shape, which is rare for casual wear.
	2.	Fit: True to its name, the oversized fit is just perfect. It drapes nicely without looking too baggy, giving it a relaxed, effortlessly cool vibe. I usually wear a medium, but the loose fit in my regular size was exactly what I was looking for.
	3.	Style: The T-shirt pairs perfectly with almost anything‚Äîfrom jeans to leggings. I can easily dress it up or down depending on the occasion. The versatility is amazing.
	4.	Durability: The stitching and material quality are top-notch. I‚Äôve worn and washed it several times, and it still looks brand new.

"
Buy Bewakoof Official Garfield Merchandise Women I Hate Mornings Print Oversized T Shirt  - Tshirts for Women 23013218 | Myntra,4.4,‚Çπ399,12 Nov 2024,5,Tanvi Agarwal,"Very cool t-shirt. Go for it. Great tshirt for those who love oversized tshirts. Bright Colour, comfortable. Loved it‚ù§Ô∏è‚ù§Ô∏è‚ù§Ô∏è‚ù§Ô∏è"
Buy Bewakoof Official Garfield Merchandise Women I Hate Mornings Print Oversized T Shirt  - Tshirts for Women 23013218 | Myntra,4.4,‚Çπ399,10 Sept 2024,5,Myntra Customer,Nice quality of cloth and print .Fab colour!Just love it ‚ù§Ô∏è üòç 
Buy Bewakoof Official Garfield Merchandise Women I Hate Mornings Print Oversized T Shirt  - Tshirts for Women 23013218 | Myntra,4.4,‚Çπ399,29 June 2024,5,Manika,"Nice fit 
Nice quality üëåüèª "
Buy Bewakoof Official Garfield Merchandise Women I Hate Mornings Print Oversized T Shirt  - Tshirts for Women 23013218 | Myntra,4.4,‚Çπ399,1 Oct 2024,5,Suman Saha,Nice and comfortable product. 
Buy Bewakoof Official Garfield Merchandise Women I Hate Mornings Print Oversized T Shirt  - Tshirts for Women 23013218 | Myntra,4.4,‚Çπ399,13 Nov 2024,4,Sachin,The quality is excellent. The touch is soft and fit is perfect. 
Buy Bewakoof Official Garfield Merchandise Women I Hate Mornings Print Oversized T Shirt  - Tshirts for Women 23013218 | Myntra,4.4,‚Çπ399,3 Sept 2024,5,Parth Nandani,The quality of the t-shirt is great and the print is awesome!
Buy Bewakoof Official Garfield Merchandise Women I Hate Mornings Print Oversized T Shirt  - Tshirts for Women 23013218 | Myntra,4.4,‚Çπ399,14 Oct 2024,5,Pooja Verma,Just go for it girls ... awesome
Buy Bewakoof Official Garfield Merchandise Women I Hate Mornings Print Oversized T Shirt  - Tshirts for Women 23013218 | Myntra,4.4,‚Çπ399,2 June 2024,5,Sarita,"I love the fabric quality,overall it's perfect "
Buy Bewakoof Official Garfield Merchandise Women I Hate Mornings Print Oversized T Shirt  - Tshirts for Women 23013218 | Myntra,4.4,‚Çπ399,16 Dec 2024,5,Zoya Vanwani,Best quality product Thank u Myntra 
Buy Bewakoof Official Garfield Merchandise Women I Hate Mornings Print Oversized T Shirt  - Tshirts for Women 23013218 | Myntra,4.4,‚Çπ399,8 May 2024,5,Radha Gupta,"It nice and very comfortable 

"
Buy Bewakoof Official Garfield Merchandise Women I Hate Mornings Print Oversized T Shirt  - Tshirts for Women 23013218 | Myntra,4.4,‚Çπ399,31 Dec 2024,5,Komal,Loved the tshirt quality 
Buy Bewakoof Official Garfield Merchandise Women I Hate Mornings Print Oversized T Shirt  - Tshirts for Women 23013218 | Myntra,4.4,‚Çπ399,29 May 2024,5,Sushma,"This t shirt is awesome, pure cotton and stuff is very good thanks myntra
"
Buy Bewakoof Official Garfield Merchandise Women I Hate Mornings Print Oversized T Shirt  - Tshirts for Women 23013218 | Myntra,4.4,‚Çπ399,8 Jan 2024,5,Ruchika Sharma,Same as per design... Loose fit.. looks cool
Buy Bewakoof Official Garfield Merchandise Women I Hate Mornings Print Oversized T Shirt  - Tshirts for Women 23013218 | Myntra,4.4,‚Çπ399,29 Apr 2024,5,Myntra Customer,Soothing and comfy to wear in any season. Best quality
